,SampleNames,Plex2-1A216.A1,Plex2-1A216.A2,Plex2-1A108.A1,Plex2-1A108.A2,Plex3-1D101.A1,Plex3-1D101.A2,Plex3-1A2.A1,Plex3-1A2.A2,Plex2-1D106.A1,Plex2-1D106.A2,Plex1-1A203.A1,Plex1-1A203.A2,Plex3-1A6.A1,Plex3-1A6.A2,Plex2-1A120.A1,Plex2-1A120.A2,Plex1-1D119.A1,Plex1-1D119.A2,Plex1-1A117.A1,Plex1-1A117.A2,Plex1-1A212.A1,Plex1-1A212.A2,Plex3-1A218.A1,Plex3-1A218.A2
0, AL-001,-1,-1,-1,-1,-1,-1,-1,-1,-1,-1,-1,-1,-1,-1,-1,-1,-1,-1,-1,-1,-1,-1,-1,-1
1, AL-002,-1,-1,-1,-1,-1,-1,-1,-1,-1,-1,-1,-1,-1,-1,-1,-1,-1,-1,-1,-1,-1,-1,-1,-1
2, AL-003,-1,-1,-1,-1,121,121,-1,-1,-1,-1,-1,-1,-1,-1,-1,-1,-1,-1,-1,-1,-1,-1,-1,-1
3, AL-004,-1,-1,-1,-1,-1,-1,-1,-1,-1,-1,-1,-1,-1,-1,277,277,-1,-1,-1,-1,-1,-1,-1,-1
4, AL-005,-1,-1,-1,-1,-1,-1,-1,-1,-1,-1,-1,-1,-1,-1,-1,-1,-1,-1,-1,-1,-1,-1,-1,-1
5, AL-006,-1,-1,-1,-1,-1,-1,-1,-1,-1,-1,-1,-1,-1,-1,-1,-1,-1,-1,-1,-1,-1,-1,-1,-1
6, AL-007,153,161,221,237,133,141,193,209,227,235,280,288,175,175,281,346,199,199,159,163,299,341,261,291
7, AL-008,161,177,217,237,133,133,221,273,223,235,300,312,191,191,269,277,199,199,203,211,329,341,273,281
8, AL-009,165,177,225,241,137,141,189,273,223,235,288,309,183,183,277,425,199,203,199,205,321,329,277,291
9, AL-010,153,185,217,237,129,137,193,273,223,227,288,292,161,197,277,277,191,203,155,171,341,341,291,291
10, AL-011,153,165,213,237,133,151,189,273,235,239,300,316,161,175,289,346,191,199,179,203,337,337,271,273
11, AL-012,-1,-1,-1,-1,-1,-1,-1,-1,-1,-1,288,288,-1,-1,281,281,-1,-1,155,163,-1,-1,-1,-1
12, AL-013,161,185,217,225,141,141,193,221,227,227,288,288,183,191,281,425,199,203,155,163,337,345,271,281
13, AL-014,-1,-1,-1,-1,-1,-1,-1,-1,-1,-1,-1,-1,-1,-1,-1,-1,-1,-1,-1,-1,-1,-1,-1,-1
14, AL-015,-1,-1,-1,-1,-1,-1,-1,-1,-1,-1,-1,-1,-1,-1,289,289,-1,-1,-1,-1,-1,-1,-1,-1
15, AL-016,-1,-1,-1,-1,-1,-1,-1,-1,-1,-1,-1,-1,-1,-1,-1,-1,-1,-1,-1,-1,-1,-1,-1,-1
16, AL-017,-1,-1,-1,-1,-1,-1,-1,-1,-1,-1,-1,-1,-1,-1,-1,-1,-1,-1,155,175,-1,-1,-1,-1
17, AL-018,-1,-1,-1,-1,-1,-1,-1,-1,-1,-1,-1,-1,-1,-1,-1,-1,-1,-1,-1,-1,-1,-1,-1,-1
18, AL-019,147,165,217,217,133,133,209,221,239,239,284,288,183,187,313,346,191,203,163,217,315,337,271,273
19, AL-020,-1,-1,-1,-1,-1,-1,-1,-1,-1,-1,-1,-1,-1,-1,-1,-1,-1,-1,155,191,-1,-1,-1,-1
20, AL-021,165,169,217,257,133,137,193,273,223,235,288,288,197,197,277,445,191,203,155,175,341,341,277,277
21, AL-022,161,169,209,237,133,133,197,221,223,239,288,292,177,191,277,405,179,191,155,175,307,307,261,291
22, AL-023,161,177,209,233,137,141,193,197,227,231,284,304,191,191,277,277,179,191,175,203,315,341,277,281
23, AL-024,153,161,217,257,151,151,189,273,235,235,288,312,161,175,277,277,191,203,155,199,321,325,271,291
24, AL-025,-1,-1,-1,-1,141,141,193,225,-1,-1,288,296,175,197,-1,-1,179,191,163,175,333,341,273,277
25, AL-026,161,161,243,247,129,133,189,199,223,223,288,300,177,177,277,313,191,203,155,171,311,341,271,277
26, AL-027,153,165,217,243,129,133,193,199,239,239,288,309,175,177,277,277,191,203,155,163,311,341,281,281
27, AL-028,153,153,209,217,137,151,189,221,227,235,288,292,205,205,277,281,191,203,159,163,329,345,271,281
28, AL-029,169,185,213,217,133,141,189,221,227,227,284,292,197,197,277,346,191,203,191,199,329,341,281,291
29, AL-030,-1,-1,-1,-1,129,133,189,221,-1,-1,288,300,177,177,-1,-1,199,203,163,205,329,329,271,273
30, AL-031,161,165,233,243,133,133,189,193,227,227,292,300,175,197,277,281,199,203,155,155,321,341,273,277
31, AL-032,161,165,229,261,121,129,221,273,223,227,292,300,197,197,313,413,191,199,159,175,341,345,271,273
32, AL-033,161,173,217,217,133,151,193,209,235,235,284,288,175,193,277,425,191,203,155,211,321,325,281,291
33, AL-034,153,169,221,247,121,133,193,221,227,239,288,312,183,191,346,425,191,199,205,225,307,329,261,281
34, AL-035,157,157,221,237,121,133,197,221,235,235,288,316,183,197,277,425,199,203,155,163,333,341,271,273
35, AL-036,161,161,209,233,141,151,193,221,223,239,312,316,191,205,269,277,191,203,155,211,329,345,271,291
36, AL-037,147,157,213,257,133,151,193,221,235,235,288,288,183,191,343,425,179,191,163,199,311,329,271,291
37, AL-038,161,177,237,261,133,137,189,193,235,239,288,304,183,183,277,277,191,199,151,155,315,329,261,281
38, AL-039,161,165,221,237,133,137,189,193,227,227,288,292,191,191,413,445,191,199,155,155,329,329,273,281
39, AL-040,153,161,221,247,129,151,189,273,227,235,288,300,183,221,277,277,179,199,151,175,315,329,277,291
40, AL-041,165,177,217,217,121,129,193,273,227,239,288,312,193,193,277,313,179,179,151,163,329,333,281,291
41, AL-042,153,165,237,237,133,133,221,273,235,235,284,288,175,197,277,346,203,203,175,211,329,341,273,277
42, AL-043,153,161,217,237,133,137,189,193,231,235,288,292,177,187,346,346,199,199,171,199,307,311,277,277
43, AL-044,161,165,217,241,133,141,189,193,227,231,288,288,-1,-1,313,445,199,203,163,217,329,341,271,281
44, AL-045,165,173,221,237,137,151,197,273,235,239,288,309,187,187,277,425,191,203,175,191,333,337,281,281
45, AL-046,153,161,209,217,133,151,189,221,227,235,288,312,175,175,277,425,191,199,155,171,325,333,271,277
46, AL-047,157,161,209,209,133,137,193,277,223,227,288,316,191,197,277,346,191,199,147,205,329,337,271,271
47, AL-048,165,177,257,261,133,137,193,221,223,227,300,300,197,197,413,425,191,207,203,205,329,341,271,281
48, AL-049,153,161,217,257,133,141,221,247,223,227,288,288,183,213,277,405,179,199,171,179,311,329,271,277
49, AL-050,-1,-1,-1,-1,137,137,193,193,-1,-1,288,288,183,183,-1,-1,203,203,163,203,315,329,277,291
50, AL-051,153,161,237,241,141,151,197,273,227,235,288,288,187,205,277,277,191,199,163,203,341,345,271,281
51, AL-052,153,165,233,233,133,137,209,221,227,227,300,304,183,191,277,405,191,199,179,199,311,329,273,281
52, AL-053,147,161,233,241,121,137,209,269,235,239,316,316,183,225,277,281,199,203,155,163,333,341,281,281
53, AL-054,161,177,247,257,133,133,197,221,235,239,316,316,175,221,277,277,191,203,155,195,329,341,271,281
54, AL-055,161,165,213,237,121,133,189,193,223,227,284,284,221,221,405,451,199,199,155,211,307,333,273,291
55, AL-056,157,165,221,221,141,151,193,225,235,235,288,288,187,187,346,425,191,203,151,211,329,345,271,277
56, AL-057,161,161,217,217,133,151,197,225,235,235,288,288,183,187,277,405,-1,-1,-1,-1,299,307,271,273
57, AL-058,165,177,217,233,133,141,193,269,235,235,292,312,175,191,277,277,199,203,155,171,329,329,271,281
58, AL-059,161,185,217,257,133,133,189,221,235,235,288,316,175,191,277,346,179,203,155,175,329,341,271,271
59, AL-060,161,185,237,243,137,151,189,193,235,239,292,316,161,187,277,277,191,203,155,217,329,337,277,281
60, AL-061,161,161,237,243,151,151,197,277,223,227,288,304,183,183,343,346,191,203,155,163,307,311,271,277
61, BR-001,161,161,217,247,141,141,-1,-1,227,235,288,312,205,205,277,277,179,199,175,175,299,299,-1,-1
62, BR-002,153,165,261,263,147,147,-1,-1,235,235,288,296,201,201,277,281,199,199,175,175,295,295,-1,-1
63, BR-003,161,165,261,263,147,147,247,247,235,235,304,304,201,201,277,281,199,199,175,175,295,295,-1,-1
64, BR-004,161,165,261,263,147,147,-1,-1,235,235,288,304,161,161,277,281,199,199,175,175,325,325,-1,-1
65, BR-005,161,161,261,263,147,147,189,225,235,235,288,304,161,201,277,277,199,199,175,175,295,325,-1,-1
66, BR-006,153,161,263,263,137,137,-1,-1,235,235,304,304,201,201,281,281,199,199,175,175,295,295,-1,-1
67, BR-007,161,165,261,261,137,147,189,247,235,235,288,304,161,161,277,281,199,199,175,175,325,325,-1,-1
68, BR-008,161,165,263,263,137,147,-1,-1,235,235,288,304,161,201,277,281,199,199,175,175,295,325,-1,-1
69, BR-009,161,165,263,263,147,147,-1,-1,235,235,304,304,201,201,281,281,199,199,175,175,295,295,-1,-1
70, BR-010,153,165,261,261,137,137,247,247,235,235,288,304,201,201,277,277,199,199,175,195,295,295,-1,-1
71, BR-011,161,165,261,263,147,147,-1,-1,219,235,288,296,197,201,277,277,199,199,175,175,295,295,-1,-1
72, BR-012,153,165,263,263,137,147,-1,-1,235,235,288,288,161,201,277,281,199,199,175,175,295,325,-1,-1
73, BR-013,161,165,261,263,137,137,225,225,235,235,296,304,161,161,277,281,199,199,175,175,325,325,-1,-1
74, BR-014,161,161,261,263,137,137,-1,-1,235,235,288,296,161,201,277,281,199,199,175,175,295,325,-1,-1
75, BR-015,165,165,261,263,137,147,-1,-1,235,235,304,304,201,201,277,281,199,199,175,195,295,295,-1,-1
76, BR-016,153,165,233,263,137,147,-1,-1,219,235,296,304,161,201,277,281,199,199,175,195,295,325,-1,-1
77, BR-017,153,161,261,263,147,147,-1,-1,219,235,288,304,161,201,281,281,199,199,195,195,295,325,-1,-1
78, BR-018,161,165,261,263,137,147,-1,-1,219,235,304,304,-1,-1,277,281,199,199,175,175,295,295,-1,-1
79, BR-019,161,165,261,261,137,147,225,225,235,235,288,288,161,161,277,277,199,199,175,175,325,325,-1,-1
80, BR-020,153,165,261,263,137,147,-1,-1,219,219,288,304,-1,-1,281,281,199,199,175,175,295,325,-1,-1
81, BR-021,165,165,261,261,137,137,-1,-1,235,235,304,304,-1,-1,277,281,199,199,175,175,295,325,-1,-1
82, BR-022,153,165,263,263,137,147,225,225,235,235,296,304,201,201,277,281,199,199,175,175,295,295,-1,-1
83, BR-023,161,161,263,263,137,147,-1,-1,235,235,296,304,161,201,277,281,199,199,175,175,295,325,-1,-1
84, BR-024,165,165,261,261,137,137,-1,-1,235,235,288,304,161,165,277,277,199,199,175,175,295,325,-1,-1
85, BR-025,165,165,261,263,137,147,-1,-1,235,235,288,296,-1,-1,281,281,199,199,175,175,295,325,-1,-1
86, BR-026,153,161,261,263,137,147,225,225,235,235,288,288,201,201,277,281,199,199,175,175,295,295,-1,-1
87, BR-027,161,165,261,263,137,147,189,189,235,235,304,304,304,201,281,281,199,199,175,175,295,295,-1,-1
88, BR-028,161,165,261,261,147,147,189,225,235,235,288,304,161,201,277,277,199,199,175,175,295,325,271,271
89, BR-029,153,165,261,263,137,137,189,225,235,235,288,304,201,201,277,281,199,199,175,195,295,295,-1,-1
90, BR-030,165,165,261,261,137,137,247,247,235,235,288,288,161,201,277,281,199,199,175,175,295,325,-1,-1
91, BR-031,165,165,261,261,137,147,189,247,235,235,288,304,201,201,277,281,199,199,175,175,295,295,-1,-1
92, BR-031,161,161,261,261,137,147,-1,-1,219,235,304,304,201,201,277,281,199,199,175,175,295,295,-1,-1
93, BR-032,153,165,261,261,147,147,247,247,219,235,288,304,201,201,281,281,199,199,175,175,295,295,271,271
94, BR-033,153,161,261,263,137,147,189,247,235,235,304,304,201,201,277,281,199,199,175,175,295,295,271,271
95, BR-034,165,165,263,263,137,137,189,225,235,235,288,304,161,201,281,281,199,199,175,175,295,325,271,271
96, BR-035,153,165,261,263,137,137,189,225,235,235,288,304,161,201,277,281,199,199,175,175,295,295,271,271
97, BR-036,165,165,261,261,137,147,189,247,247,235,288,296,161,201,277,281,199,199,175,175,295,325,271,271
98, BR-037,161,161,263,263,137,137,225,247,235,235,304,304,161,161,277,281,199,199,175,195,325,325,271,271
99, GL-001,169,177,225,229,141,141,199,199,227,239,312,316,205,205,343,441,179,179,175,175,299,329,-1,-1
100, GL-002,189,189,209,229,133,133,-1,-1,235,239,312,312,-1,-1,-1,-1,179,199,163,213,299,325,-1,-1
101, GL-003,177,189,217,247,141,151,189,199,227,239,292,316,205,213,277,441,199,207,175,213,299,329,277,277
102, GL-004,189,189,229,247,133,141,-1,-1,223,227,288,292,161,205,277,346,199,199,175,175,299,311,-1,-1
103, GL-005,189,189,209,229,133,141,199,199,227,239,312,312,205,205,359,441,199,203,163,175,299,299,-1,-1
104, GL-006,169,189,225,229,141,151,189,199,235,239,312,312,161,183,346,346,199,199,211,213,311,315,-1,-1
105, GL-007,157,157,217,247,133,133,189,273,227,235,288,312,161,161,343,441,199,199,163,213,325,325,-1,-1
106, GL-008,161,189,217,229,-1,-1,-1,-1,227,239,288,312,-1,-1,333,441,179,199,175,175,311,329,-1,-1
107, GL-009,189,189,217,229,133,141,199,273,239,239,312,312,161,183,343,343,179,199,175,211,315,325,-1,-1
108, GL-010,161,169,217,217,-1,-1,-1,-1,235,235,312,312,-1,-1,346,413,199,199,163,211,299,325,-1,-1
109, GL-011,161,189,209,247,133,141,189,189,239,239,284,288,161,205,346,441,179,199,175,213,299,311,-1,-1
110, GL-012,169,177,225,229,141,141,199,199,227,235,288,316,161,213,277,441,199,207,175,179,311,329,-1,-1
111, GL-013,169,177,217,229,141,141,199,199,227,235,292,316,161,213,277,277,179,199,175,213,311,329,-1,-1
112, GL-014,161,189,209,229,141,151,199,199,235,235,-1,-1,161,161,343,346,-1,-1,-1,-1,-1,-1,-1,-1
113, GL-015,161,189,217,229,133,141,-1,-1,223,239,-1,-1,161,161,343,346,-1,-1,-1,-1,-1,-1,-1,-1
114, GL-016,161,189,229,247,133,133,-1,-1,227,239,292,312,161,161,277,346,179,199,211,211,311,325,-1,-1
115, GL-017,-1,-1,-1,-1,141,151,199,199,-1,-1,284,316,161,205,-1,-1,179,179,175,205,299,325,-1,-1
116, GL-018,177,189,209,225,141,151,199,199,227,235,284,316,205,205,343,441,179,179,175,205,299,299,-1,-1
117, GL-019,169,169,209,229,133,141,-1,-1,227,235,312,312,161,205,343,441,199,203,205,211,299,325,-1,-1
118, GL-020,161,189,229,247,133,133,199,199,235,239,292,312,161,161,277,439,199,199,175,213,311,311,-1,-1
119, GL-021,161,189,225,229,151,151,199,199,227,239,292,312,183,205,346,441,199,199,163,213,299,315,-1,-1
120, GL-022,161,189,217,247,133,133,-1,-1,227,235,288,312,205,205,413,439,199,199,163,175,299,299,-1,-1
121, GL-023,161,189,209,209,141,141,-1,-1,235,239,284,284,161,205,277,346,199,199,205,205,299,325,281,281
122, GL-024,169,169,217,229,141,141,-1,-1,227,235,292,312,161,183,277,346,203,203,163,179,307,311,-1,-1
123, GL-025,161,161,209,229,133,141,-1,-1,235,239,312,312,161,161,277,441,199,199,205,213,311,325,-1,-1
124, GL-026,189,189,217,229,133,141,199,199,235,235,312,312,161,161,343,343,199,199,203,211,325,325,-1,-1
125, GL-027,189,189,217,247,133,141,-1,-1,235,235,284,312,161,205,343,343,199,199,205,213,299,325,-1,-1
126, GL-028,169,169,229,247,133,141,199,199,227,239,284,292,175,175,277,277,199,199,205,211,333,333,-1,-1
127, GL-029,161,189,217,217,133,151,-1,-1,227,239,312,312,161,175,346,441,199,207,213,213,311,315,-1,-1
128, GL-030,161,189,225,247,141,141,-1,-1,239,239,288,312,205,213,346,441,179,199,175,213,299,329,-1,-1
129, GL-031,161,169,217,229,133,133,199,199,239,239,312,312,161,205,277,343,199,199,175,211,325,333,-1,-1
130, GL-032,157,161,217,247,141,151,189,199,235,235,284,312,161,205,277,359,199,199,163,205,299,299,-1,-1
131, GL-033,161,189,229,247,141,141,189,199,227,227,292,312,161,205,277,277,199,199,175,205,299,325,-1,-1
132, GL-034,169,177,217,229,133,141,-1,-1,227,235,312,316,161,205,441,441,179,199,175,211,325,329,-1,-1
133, GL-035,177,189,225,229,141,141,-1,-1,239,239,292,316,-1,-1,441,441,179,199,175,175,299,329,-1,-1
134, GL-036,161,189,217,247,133,141,-1,-1,227,239,292,312,161,175,413,441,199,199,205,211,311,325,-1,-1
135, GL-037,169,189,209,229,133,141,-1,-1,227,239,292,312,161,161,346,441,199,199,175,211,325,325,-1,-1
136, GL-038,177,189,217,225,141,141,199,199,239,239,292,316,161,213,441,441,199,207,175,211,325,329,-1,-1
137, GL-039,169,189,209,247,141,141,-1,-1,227,239,284,312,161,205,277,343,199,199,175,205,299,325,-1,-1
138, GL-040,161,169,229,229,133,133,199,199,227,235,312,312,161,205,277,413,179,199,163,211,299,311,-1,-1
139, GL-041,189,189,209,209,141,141,-1,-1,227,239,292,312,161,161,277,346,199,199,175,213,311,325,-1,-1
140, MP3-AL-025,153,161,217,257,141,141,193,225,223,235,288,296,175,197,425,445,179,191,147,159,333,341,273,277
141, MP3-AL-026,161,161,243,247,129,133,189,199,223,223,288,300,177,177,277,313,191,203,151,155,311,341,271,277
142, MP3-AL-027,153,165,217,243,129,133,193,199,235,239,288,309,175,177,277,277,191,203,155,163,311,341,281,281
143, MP3-AL-028,153,153,209,217,137,151,189,221,227,235,288,292,205,205,277,281,191,203,159,163,329,345,271,281
144, MP3-AL-029,169,185,213,217,133,141,189,221,227,227,284,292,197,197,277,346,191,203,191,199,329,341,281,291
145, MP3-AL-030,153,161,217,241,129,133,189,221,235,239,288,300,177,177,277,277,199,203,147,159,329,329,271,273
146, MP3-AL-031,161,165,233,243,133,133,189,193,227,227,292,300,175,197,277,281,199,203,155,155,321,341,273,277
147, MP3-AL-032,161,165,229,261,121,129,221,273,223,227,292,300,197,197,313,413,191,199,159,175,341,345,271,273
148, MP3-AL-033,161,173,217,217,133,151,193,209,235,235,284,288,175,193,277,425,191,203,147,151,321,325,281,291
149, MP3-AL-034,153,169,221,247,121,133,193,221,227,239,288,312,183,191,277,343,191,199,205,225,307,329,261,281
150, MP3-AL-035,157,157,221,237,121,133,197,221,235,235,288,316,183,197,277,425,199,203,147,151,333,341,271,273
151, MP3-AL-036,161,161,209,233,141,151,193,221,223,239,312,316,191,205,269,277,191,203,155,211,329,345,271,291
152, MP3-AL-037,147,157,213,257,133,151,193,221,235,235,288,288,183,191,343,425,179,191,163,199,311,329,271,291
153, MP3-AL-038,161,177,237,261,133,137,189,193,235,239,288,304,183,183,277,277,191,199,151,155,315,329,261,281
154, MP3-AL-039,165,165,221,237,133,137,189,193,227,227,288,292,191,191,413,445,191,199,155,155,329,329,273,281
155, MP3-AL-040,153,161,221,247,129,151,189,273,227,235,288,300,183,221,277,277,179,199,151,171,315,329,277,291
156, MP3-AL-041,165,177,217,217,121,129,193,273,227,239,288,312,193,193,277,313,179,179,151,163,329,333,281,291
157, MP3-AL-042,153,165,237,237,133,133,221,273,235,235,284,288,175,197,277,346,203,203,175,211,329,341,273,277
158, MP3-AL-043,153,161,217,237,133,137,189,193,231,235,288,292,177,187,346,346,199,199,171,199,307,311,277,277
159, MP3-AL-044,161,165,217,241,133,141,189,193,227,231,288,288,-1,-1,313,445,199,203,163,217,329,341,271,281
160, MP3-AL-045,165,173,221,237,137,151,197,273,235,239,288,309,187,187,277,425,191,203,175,191,333,337,281,281
161, MP3-AL-046,153,161,209,217,133,151,189,221,227,235,288,312,175,175,277,425,191,199,155,171,325,333,271,277
162, MP3-AL-047,157,161,209,209,133,137,193,277,223,227,288,316,191,197,277,346,191,199,147,205,329,337,271,271
163, MP3-AL-048,165,177,257,261,133,137,193,221,223,227,300,300,197,197,413,425,191,207,203,205,329,341,271,281
164, MP3-AL-049,153,161,217,257,133,141,221,247,223,227,288,288,183,213,277,405,179,199,171,179,311,329,271,277
165, MP3-AL-050,153,161,209,213,137,137,193,193,235,239,288,288,183,193,277,346,203,203,163,203,315,329,277,291
166, MP3-AL-051,153,161,237,241,141,151,197,273,227,235,288,288,187,187,277,277,191,199,163,203,341,345,271,281
167, MP3-AL-052,153,165,233,233,133,137,209,221,227,227,300,304,183,191,277,405,191,199,179,199,311,329,273,281
168, MP3-AL-053,147,161,233,241,121,137,209,269,235,239,316,316,183,225,277,281,199,203,155,163,333,341,281,281
169, MP3-AL-054,161,177,247,257,133,133,197,221,235,239,316,316,175,221,277,277,191,203,155,195,329,341,271,281
170, MP3-AL-055,161,165,213,237,121,133,189,193,223,227,284,284,221,221,405,451,199,199,155,211,307,333,273,291
171, MP3-Blank,-1,-1,233,233,-1,-1,-1,-1,-1,-1,-1,-1,-1,-1,-1,-1,-1,-1,-1,-1,-1,-1,-1,-1
172, NTC,147,161,-1,-1,-1,-1,-1,-1,-1,-1,-1,-1,-1,-1,-1,-1,-1,-1,-1,-1,-1,-1,-1,-1
173, NTC,-1,-1,-1,-1,-1,-1,-1,-1,-1,-1,-1,-1,-1,-1,277,277,-1,-1,-1,-1,-1,-1,-1,-1
174, WVR-001,147,169,221,225,133,137,193,193,223,227,300,300,177,213,281,346,199,207,159,205,345,345,271,281
175, WVR-002,157,185,217,221,137,137,197,277,235,235,292,300,177,191,277,346,203,207,155,171,307,311,271,291
176, WVR-003,153,185,243,243,137,137,193,193,235,235,288,288,183,183,346,425,203,203,163,203,333,337,277,277
177, WVR-004,161,185,243,257,137,151,189,197,235,235,300,312,191,191,281,346,191,203,199,205,333,333,271,273
178, WVR-005,157,153,209,213,133,151,193,209,227,235,292,304,191,191,346,425,199,207,155,211,307,333,273,281
179, WVR-006,157,169,247,257,121,151,189,193,227,235,280,288,-1,-1,281,346,199,199,155,211,311,345,271,273
180, WVR-007,147,153,217,217,133,141,189,193,235,235,312,316,183,213,277,281,191,203,155,171,329,345,271,273
181, WVR-008,153,153,213,213,121,141,189,193,235,235,280,280,187,191,346,425,187,203,155,211,307,337,277,277
182, WVR-009,153,153,221,257,137,151,193,193,231,235,288,309,191,191,281,425,191,203,211,211,307,333,277,291
183, WVR-010,147,153,217,257,133,155,193,273,235,235,280,304,177,183,346,425,191,203,147,195,307,307,277,291
184, WVR-011,153,161,229,233,141,141,193,193,227,235,280,284,183,191,281,346,187,199,163,205,329,337,271,281
185, WVR-012,157,185,221,243,133,137,193,193,235,235,280,300,205,213,346,425,199,203,205,211,337,345,273,277
186, WVR-013,153,161,221,243,137,137,193,273,227,227,288,288,161,191,277,277,187,203,205,211,307,329,271,281
187, WVR-014,153,185,217,247,129,151,189,189,227,239,280,312,-1,-1,277,277,191,199,159,217,299,345,277,291
188, WVR-015,153,161,221,221,133,137,193,193,235,235,288,288,-1,-1,277,281,191,203,205,211,329,333,271,271
189, WVR-016,153,161,243,247,137,151,193,221,227,235,280,300,-1,-1,277,425,199,203,203,213,345,345,277,281
190, WVR-017,153,153,213,213,121,141,189,189,227,227,280,312,183,187,281,346,199,203,205,205,333,333,271,277
191, WVR-018,153,185,213,247,121,133,193,197,235,235,280,288,183,191,277,281,187,203,211,211,333,337,281,291
192, WVR-019,161,185,213,257,129,141,193,193,227,235,280,284,177,191,281,425,187,203,163,203,311,329,271,277
193, WVR-020,153,185,213,243,121,137,193,273,235,235,280,316,191,191,346,425,203,203,203,205,333,333,271,271
194, WVR-021,173,185,213,217,133,151,189,189,235,239,280,284,177,177,346,425,199,203,155,213,333,345,271,291
195, WVR-022,153,161,213,247,121,137,193,193,235,235,312,316,177,191,281,346,203,203,199,203,307,333,271,281
196, WVR-023,153,185,221,233,137,137,193,193,235,239,296,316,183,191,277,281,199,203,203,205,307,333,271,277
197, WVR-024,161,185,217,221,121,121,197,277,227,235,288,288,175,191,281,425,191,203,205,213,325,329,277,281
198, WVR-025,153,153,213,221,133,137,189,193,227,235,280,288,183,183,281,346,199,207,151,199,333,337,277,277
199, WVR-026,147,157,213,263,133,151,193,209,227,235,292,316,177,191,425,425,199,203,203,211,311,333,277,281
200, WVR-027,161,185,247,257,137,141,193,197,227,235,284,304,177,191,293,346,199,203,175,213,329,345,273,277
201, WVR-028,185,185,243,261,137,141,209,277,235,235,280,288,183,213,277,281,187,203,155,211,333,345,277,281
202, WVR-029,173,185,213,217,121,137,189,193,227,235,280,284,187,191,346,359,187,199,203,205,325,333,281,281
203, WVR-030,185,185,261,261,137,137,189,193,223,235,284,316,191,191,277,346,191,203,159,163,307,345,277,277
204, WVR-031,157,161,237,243,137,137,193,193,227,235,280,292,191,205,277,425,199,203,155,163,307,345,271,277
205, WVR-032,153,173,213,217,137,141,193,197,227,235,288,296,191,191,281,425,203,203,199,211,329,333,271,285
206, WVR-033,153,185,217,261,133,141,193,193,235,235,288,316,175,187,277,281,187,203,203,211,333,341,271,291
207, WVR-034,153,161,209,247,133,141,193,193,235,235,288,300,191,191,281,346,199,199,155,159,333,333,271,271
208, WVR-035,153,157,257,261,137,151,193,193,227,235,292,292,177,177,277,277,199,203,163,203,311,345,-1,-1
209, WVR-036,173,173,209,221,133,137,189,189,235,235,288,300,161,183,277,281,203,203,203,211,341,341,-1,-1
210, WVR-037,153,161,213,257,133,137,189,193,235,235,288,300,183,183,277,281,203,207,171,213,337,337,-1,-1
211, WVR-038,153,161,209,221,137,151,193,193,235,235,284,300,177,197,343,346,191,199,155,163,299,311,-1,-1
212, WVR-039,153,185,213,247,121,137,193,193,227,235,300,304,191,197,346,425,191,199,211,211,299,307,-1,-1
213, WVR-040,153,185,213,247,133,151,193,193,227,235,288,304,175,191,281,293,203,207,155,205,307,333,-1,-1
214, WVR-041,147,161,209,229,129,141,189,193,235,235,284,309,191,191,281,346,187,199,155,211,307,333,-1,-1
215, WVR-042,161,169,213,261,137,137,189,193,235,235,284,312,177,183,183,277,199,203,163,203,307,333,-1,-1
216, WVR-043,153,153,213,247,137,137,193,209,227,235,280,288,177,183,281,425,203,203,155,203,311,315,-1,-1
217, WVR-044,153,185,221,237,137,151,193,193,235,235,280,288,191,213,277,425,199,203,203,205,329,345,-1,-1
218, WVR-045,157,161,213,243,133,133,-1,-1,227,227,280,304,175,177,277,346,199,203,155,211,329,345,-1,-1
219, WVR-046,169,173,213,213,137,151,193,277,227,239,288,296,-1,-1,281,425,203,203,159,211,333,345,-1,-1
220, WVR-047,153,161,221,263,133,133,189,189,235,235,284,312,161,191,277,351,203,203,163,211,329,333,-1,-1
221, WVR-048,153,173,213,243,137,137,193,193,227,235,288,316,191,191,277,281,187,199,155,203,307,329,271,271
222, WVR-049,153,185,213,257,133,133,193,193,235,235,292,312,177,183,281,425,199,203,211,211,307,337,-1,-1
223, WVR-050,153,169,209,221,-1,-1,-1,-1,227,235,280,280,-1,-1,277,346,187,199,163,211,337,345,-1,-1
