Sample File,Sample Name,Run Name,Panel,Marker,Dye,Allele1,Allele2,Size1,Size2,Height1,Height2,Peak Area1,Peak Area2,GQ,CV,UD1,UD2,UD3
frag_001_H01.fsa,MP1-AL-032,20171024,MP1_SP,AinA203,Y,292,300,291.68,300,2424,2529,33060,34064,0.3123,,,,
frag_002_H02.fsa,MP1-AL-033,20171024,MP1_SP,AinA203,Y,284,288,283.49,287.7,6363,5215,85826,71948,0.3122,,,,
frag_003_G01.fsa,MP1-AL-031,20171024,MP1_SP,AinA203,Y,292,300,291.51,299.7,7448,7194,81491,78130,0.355,,,,
frag_004_G02.fsa,MP1-AL-034,20171024,MP1_SP,AinA203,Y,288,312,287.62,312.18,3081,2250,43025,34323,0.3944,,,,
frag_005_F01.fsa,MP1-AL-030,20171024,MP1_SP,AinA203,Y,288,300,287.6,299.69,11152,8578,109035,90727,0.3945,,,,
frag_006_F02.fsa,MP1-AL-035,20171024,MP1_SP,AinA203,Y,288,316,287.36,316.33,6790,4666,78320,60964,0.3945,,,,
frag_007_E01.fsa,MP1-AL-029,20171024,MP1_SP,AinA203,Y,284,292,283.72,291.79,5702,5102,75600,66626,0.3122,,,,
frag_008_E02.fsa,MP1-AL-036,20171024,MP1_SP,AinA203,Y,0,0,0,0,0,0,0,0,1,,,,
frag_009_D01.fsa,MP1-AL-028,20171024,MP1_SP,AinA203,Y,288,292,287.72,291.81,7651,6502,93155,79932,0.3945,,,,
frag_010_D02.fsa,MP1-AL-037,20171024,MP1_SP,AinA203,Y,288,288,287.33,287.33,9983,9983,146007,146007,0.3937,,,,
frag_011_C01.fsa,MP1-AL-027,20171024,MP1_SP,AinA203,Y,288,309,287.6,308.04,3648,3228,40258,37852,0.1561,,,,
frag_012_C02.fsa,MP1-AL-038,20171024,MP1_SP,AinA203,Y,288,304,287.38,303.54,7199,5042,79844,61329,1,,,,
frag_013_B01.fsa,MP1-AL-026,20171024,MP1_SP,AinA203,Y,288,300,287.6,299.69,12279,11251,68646,66008,1,,,,
frag_014_B02.fsa,MP1-AL-039,20171024,MP1_SP,AinA203,Y,288,292,287.22,291.38,6946,6759,65225,65533,0.6245,,,,
frag_015_A01.fsa,MP1-AL-025,20171024,MP1_SP,AinA203,Y,288,296,287.62,295.83,16478,15253,80993,75737,1,,,,
frag_016_A02.fsa,MP1-AL-040,20171024,MP1_SP,AinA203,Y,288,300,287.34,299.52,4727,4362,53489,52659,0.3945,,,,
frag_017_H03.fsa,MP1-AL-041,20171024,MP1_SP,AinA203,Y,288,312,287.68,312.14,9306,6837,100366,84346,0.3945,,,,
frag_018_H04.fsa,MP1-Blank,20171024,MP1_SP,AinA203,Y,0,0,0,0,0,0,0,0,1,,,,
frag_019_G03.fsa,MP1-AL-042,20171024,MP1_SP,AinA203,Y,284,288,283.44,287.51,4915,5355,48968,52343,0.6245,,,,
frag_020_G04.fsa,MP1-AL-049,20171024,MP1_SP,AinA203,Y,288,288,287.26,287.26,5895,5895,58356,58356,0.3945,,,,
frag_021_F03.fsa,MP1-AL-043,20171024,MP1_SP,AinA203,Y,288,292,287.5,291.51,7785,7247,97750,90454,0.3945,,,,
frag_022_F04.fsa,MP1-AL-050,20171024,MP1_SP,AinA203,Y,288,288,287.16,287.16,3818,3818,58875,58875,0.3122,,,,
frag_023_E03.fsa,MP1-AL-044,20171024,MP1_SP,AinA203,Y,288,288,287.39,287.39,14948,14948,120982,120982,0.7889,,,,
frag_024_E04.fsa,MP1-AL-051,20171024,MP1_SP,AinA203,Y,288,288,287.29,287.29,7427,7427,111865,111865,0.281,,,,
frag_025_D03.fsa,MP1-AL-045,20171024,MP1_SP,AinA203,Y,288,309,287.13,307.91,5854,5700,73157,81572,0.3123,,,,
frag_026_D04.fsa,MP1-AL-052,20171024,MP1_SP,AinA203,Y,300,304,299.51,303.63,8157,7188,63631,56467,0.7889,,,,
frag_027_C03.fsa,MP1-AL-046,20171024,MP1_SP,AinA203,Y,288,312,287.27,311.8,5635,5265,56673,54570,0.3123,,,,
frag_028_C04.fsa,MP1-AL-053,20171024,MP1_SP,AinA203,Y,316,316,316.23,316.23,24676,24676,124328,124328,0.3945,,,,
frag_029_B03.fsa,MP1-AL-047,20171024,MP1_SP,AinA203,Y,288,316,287.44,316.05,10049,8686,101926,96373,0.355,,,,
frag_030_B04.fsa,MP1-AL-054,20171024,MP1_SP,AinA203,Y,316,316,316.13,316.13,7774,7774,68499,68499,0.7889,,,,
frag_031_A03.fsa,MP1-AL-048,20171024,MP1_SP,AinA203,Y,300,300,300,300,32095,32095,213894,213894,0.1972,,,,
frag_032_A04.fsa,MP1-AL-055,20171024,MP1_SP,AinA203,Y,284,284,283.26,283.26,7258,7258,92388,92388,0.3944,,,,
